{"stats":{"minecraft:mined":{"minecraft:grass_block":7,"minecraft:spruce_leaves":1,"minecraft:dirt":8},"minecraft:used":{"minecraft:dirt":9},"minecraft:custom":{"minecraft:jump":21,"minecraft:time_since_rest":2662,"minecraft:crouch_one_cm":160,"minecraft:leave_game":2,"minecraft:play_time":2662,"minecraft:sprint_one_cm":2306,"minecraft:time_since_death":2662,"minecraft:walk_one_cm":2717,"minecraft:sneak_time":35,"minecraft:total_world_time":2662,"minecraft:fall_one_cm":627,"minecraft:fly_one_cm":3663},"minecraft:picked_up":{"minecraft:dirt":15}},"DataVersion":3953}